NPC Data (Special);;;Group;;;Current;Profession;Greet;Join;Event;Event;Event;Event;Event;Event;;
#;Name;Pic;A;B;C;2D Location; 1 - 76;#;Y / N;# A;# B;# C;# D;# E;# F;Notes;
1;Brekish Onefang;833;0;0;0;173;0;3;0;7;8;9;0;0;0;(1) Lizardman Throne Room, Lizardman Leader pre Qbit 6 after, NPC 35;
2;Dadeross;1040;0;0;0;173;0;2;0;20;5;6;72;0;0;(1) Lizardman Throne Room, Minotaur, Caravan Leader pre Qbit 6, cut after bit set becomes 36;
3;Elgar Fellmoon;884;0;0;0;195;0;10;0;28;0;0;0;0;0;(2) Merchanthouse, door;
4;Arion Hunter;2179;0;0;0;174;0;12;0;32;188;187;0;0;0;(2) Smuggler's Cove, wererat smuggler leader;
5;Bastian Loudrin;2104;0;0;0;176;0;14;0;41;0;0;0;0;0;(3) Merchant Guild, dark elf merchant one;
6;Alliane Frelsig;2102;0;0;0;0;0;0;0;0;0;0;0;0;0;Dark Elf Merchant Two;
7;Overdune Snapfinger;2923;0;0;0;0;0;16;0;45;701;0;0;0;0;"(4) 2DLoc initially ""0"". Set to 177 in Event 42";
8;Aori Derrisai;1;0;0;0;0;0;0;0;0;0;0;0;0;0;(3) Drk Elf Rch House, pc;
9;Sandro;2927;0;0;0;180;0;31;0;94;96;0;0;0;0;(6) Necromancers' Guild ,w 180;
10;Thant;1163;0;0;0;180;0;0;0;158;0;0;0;0;0;(6) Necromancers' Guild, w 180;
11;Dyson Leland;2907;0;0;0;181;0;0;0;97;98;99;0;0;0;(6) Necromancers' Guild, pc w 181;
12;Icarus Dire;1;0;0;0;0;0;0;0;0;0;0;0;0;0;(6) Necromancer Rich House, pc;
13;Masul;2922;0;0;0;183;0;29;0;744;0;0;0;0;0;(8) Minotaur Lair, (2) Merchant House of Alvar;
14;Helius;1;0;0;0;0;0;0;0;0;0;0;0;0;0;(8) Minotaur Lair, pc;
15;Boob;0;0;0;0;0;0;0;0;0;0;0;0;0;0;;23
16;Boob;0;0;0;0;0;0;0;0;0;0;0;0;0;0;;5
17;Boob;0;0;0;0;0;0;0;0;0;0;0;0;0;0;;3
18;Boob;0;0;0;0;0;0;0;0;0;0;0;0;0;0;;5
19;Sir Charles Quixote;2160;0;0;0;179;0;21;0;63;56;58;57;0;0;(5) Dragon Hunters' Camp, (2) Merchant House of Alvar;
20;Reginald Dorray;1;0;0;0;0;0;0;0;0;0;0;0;0;0;(5) Dragon Hunters' Camp;
21;Deftclaw Redreaver;2161;0;0;0;178;0;19;0;48;60;62;0;0;0;(5) Dragon's Cave, (2) Merchant House of Alvar;
22;Zog the Jackal;1;0;0;0;0;0;0;0;0;0;0;0;0;0;(8) Barbarian Fortress;
23;Xanthor;2138;0;0;0;0;0;45;0;152;0;0;0;0;0;(2) Rich Dark Elf House;
24;Queen Catherine;2182;0;0;0;0;0;0;0;590;591;592;0;0;0;(2) Merchant House of Alvar;
25;King Roland;2181;0;0;0;0;0;55;0;587;588;589;0;0;0;(2) Merchant House of Alvar;
26;Escaton;2184;0;0;0;184;0;48;0;159;0;0;0;0;0;(14) Eschaton's Palace;
27;Pyrannaste;2163;0;0;0;442;0;53;0;170;0;0;0;0;0;(14) Prison of the Lord of Fire;
28;Acwalander;2164;0;0;0;440;0;51;0;168;0;0;0;0;0;(14) Prison of the Lord of Water;
29;Gralkor the Cruel;2162;0;0;0;441;0;52;0;169;0;0;0;0;0;(14) Prison of the Lord of Earth;
30;Shalwend;2159;0;0;0;439;0;50;0;167;0;0;0;0;0;(14) Prison of the Lord of Air;
31;S'ton;816;0;0;0;0;0;1;0;1;2;3;0;0;0;(1) Outside, Lizardman Journeyman Merchant of Alvar;
32;Fredrick Talimere;2905;0;0;0;237;0;5;0;10;11;0;0;0;0;(1) Cleric House, Cleric PC that joins party;
33;Rohtnax;832;0;0;0;225;0;6;0;14;15;16;17;0;0;(1) Peasant House, Find Brother Secondary Quest;
34;Pascella Tisk;835;0;0;0;226;0;7;0;18;19;584;0;0;0;(1) Peasant House, Prophecies of the Snake Secondary Quest;
35;Brekish Onefang;1;0;0;0;0;0;0;0;0;0;0;0;0;0;STILL USED?;
36;Dadeross;1040;0;0;0;0;0;0;0;0;0;0;0;0;0;(3) Drk Elf Medium House, After Qbit 6 set;
37;Oskar Tyre;1248;0;0;0;182;0;37;0;102;0;0;0;0;0;(7) w 182 - door inside the Sun Temple;
38;Guard;1173;0;0;0;0;0;107;0;0;0;0;0;0;0;Necromancer Guard;
39;Guard;2926;0;0;0;0;0;108;0;0;0;0;0;0;0;Dragon Guard;
40;Guard;1073;0;0;0;0;0;109;0;0;0;0;0;0;0;Dragon Hunter Guard;
41;Guard;1237;0;0;0;0;0;110;0;0;0;0;0;0;0;Wererat Guard;
42;Jeric Whistlebone;1073;0;0;0;0;0;111;0;0;0;0;0;0;0;Placemon in dh camp area 5;
43;Boob;0;0;0;0;0;0;0;0;0;0;0;0;0;0;;
44;Boob;0;0;0;0;0;0;0;0;0;0;0;0;0;0;;
45;Boob;0;0;0;0;0;0;0;0;0;0;0;0;0;0;;4
46;Boob;0;0;0;0;0;0;0;0;0;0;0;0;0;0;;7
47;Boob;0;0;0;0;0;0;0;0;0;0;0;0;0;0;;5
48;Boob;0;0;0;0;0;0;0;0;0;0;0;0;0;0;;6
49;Boob;0;0;0;0;0;0;0;0;0;0;0;0;0;0;;8
50;Boob;0;0;0;0;0;0;0;0;0;0;0;0;0;0;;4
51;Boob;0;0;0;0;0;0;0;0;0;0;0;0;0;0;;10
52;Relburn Jeebes;882;0;0;0;304;0;0;0;22;23;733;0;0;0;(3) Dark Elf Promotion Quest;
53;Elgar Fellmoon;884;0;0;0;175;0;24;0;104;105;731;0;0;0;(2) Merchanthouse, Council Chamber;
54;Dantillion ;1246;0;0;0;391;0;104;0;27;0;0;0;0;0;(8) Cleric of the Sun;
55;Cauri Blackthorne;947;0;0;0;0;0;0;0;24;25;0;0;0;0;(8) Dark Elf Hero, Promotion Quest;
56;Volog Sandwind;2924;0;0;0;339;0;0;0;35;36;37;0;0;0;(4)Troll Promo;
57;Sahil Ittalle;881;0;0;0;306;0;54;0;581;582;583;0;0;0;(3) Guy who talks about alliance promo;
58;Guard;1123;0;0;0;0;0;13;0;0;0;0;0;0;0;(6) Guard in Necromancers' Guild;
59;Dark Elf Pilgrim;884;0;0;0;0;0;105;0;0;0;0;0;0;0;(7) Statues in Area 7 for Dark Elf Promo;39
60;Farhill Snapfinger;983;0;0;0;0;0;17;0;0;0;0;0;0;0;(4) 2D Loc set in event 42, Event 47 set in event 46 ;
61;Zanthora;1145;0;0;0;0;0;0;0;0;0;0;0;0;0;(6) Mad Necromancer's Lair, Mad Necromancer;
62;Leane Stormlance;1080;0;0;0;316;0;0;0;52;0;51;0;0;0;(5) House at Dragon Hunter fort, Knight Promo Start;
63;Dervish Chevron;2907;0;0;0;285;0;0;0;50;659;0;0;0;0;(2) Cleric, Rescue Blazen Stormlance Secondary Quest;
64;Garret Deverro;1074;0;0;0;0;0;0;0;735;0;0;0;0;0;(5) Quixote's Chamber (179) after Quixote goes to w 175;
65;Sir Charles Quixote;2160;0;0;0;0;0;23;0;0;0;58;0;0;0;(2) Merchanthouse, Council Chamber;
66;Deftclaw Redreaver;2161;0;0;0;0;0;25;0;123;60;62;0;0;0;(2) Merchanthouse, Council Chamber;
67;Oskar Tyre;1248;0;0;0;0;0;26;0;130;0;0;0;0;0;(2) Merchanthouse, Council Chamber;
68;Masul;2922;0;0;0;0;0;27;0;137;0;0;0;0;0;(2) Merchanthouse, Council Chamber;
69;Sandro;2927;0;0;0;0;0;28;0;144;0;0;0;0;0;(2) Merchanthouse, Council Chamber;
70;Thanys;2921;0;0;0;402;0;30;0;66;172;0;0;0;0;(8) Minotaur Lair, house near entrance;
71;Tessalar;1025;0;0;0;418;0;0;0;69;70;0;0;0;0;(8) Minotaur Lair, house near entrance, Promo dude;
72;Stephen;2901;0;0;0;390;0;0;0;80;0;78;76;77;0;(2) Cleric Promo dude;
73;Cleric of the Sun;1251;0;0;0;0;0;0;0;0;0;0;0;0;0;(7) Cleric in the foyer of the Temple of the Sun;
74;Vetrinus Taleshire;2927;0;0;0;355;0;0;0;86;0;0;0;0;0;(2) Necro Promo dude;
75;Lathean;1160;0;0;0;360;0;0;0;82;83;738;0;0;0;(6) Vampire Promo Dude;
76;Thant;1163;0;0;0;0;0;0;0;0;0;0;0;0;0;(6) Thant after Sandro leaves, placed here leaving N guild after alliance formed;
77;Derrin Delver;1240;0;0;0;0;0;44;0;151;0;0;0;0;0;(2) Rich Dark Elf House place w276 after fleet sunk;
78;Aislen;820;0;0;0;241;0;0;0;174;0;0;0;0;0;(1)Begin Jungle Fever Secondary Quest;
79;Languid;816;0;0;0;229;0;0;0;177;585;0;0;0;0;(1) Poisoned Water Supply Secondary Quest;
80;Hobb Sandwind;972;0;0;0;339;0;0;0;734;0;0;0;0;0;(4)Secondary Troll promo dude;7
81;Boob;0;0;0;0;0;0;0;0;0;0;0;0;0;0;;7
82;Boob;0;0;0;0;0;0;0;0;0;0;0;0;0;0;;7
83;Boob;0;0;0;0;0;0;0;0;0;0;0;0;0;0;;7
84;Boob;0;0;0;0;0;0;0;0;0;0;0;0;0;0;;8
85;Boob;0;0;0;0;0;0;0;0;0;0;0;0;0;0;;8
86;Boob;0;0;0;0;0;0;0;0;0;0;0;0;0;0;;8
87;Boob;0;0;0;0;0;0;0;0;0;0;0;0;0;0;;8
88;Thistle;808;0;0;0;230;0;0;0;179;180;181;0;0;0;(1) Potion of Pure Speed Secondary Quest;
89;Hiss;806;0;0;0;224;0;0;0;182;0;586;0;0;0;(1) Idol of the Snake Secondary Quest;
90;Isthric the Tongue;824;0;0;0;232;0;0;0;296;190;584;0;0;0;(1) Brother of Rohtnax;
91;Maddigan the Tracker;935;0;0;0;283;0;0;0;184;185;0;0;0;0;(2) Kill Dire Wolves and Cash for Pelts Secondary Quests;
92;Wilburt;977;0;0;0;244;0;0;0;190;671;0;0;0;0;(2) Hint About Location of Anointed Potion;
93;Boob;0;0;0;0;0;0;0;0;0;0;0;0;0;0;;2
94;Boob;0;0;0;0;0;0;0;0;0;0;0;0;0;0;;10
95;Boob;0;0;0;0;0;0;0;0;0;0;0;0;0;0;;2
96;Boob;0;0;0;0;0;0;0;0;0;0;0;0;0;0;;3
97;Boob;0;0;0;0;0;0;0;0;0;0;0;0;0;0;;4
98;Lathius;1243;0;0;0;271;0;0;0;193;0;0;0;0;0;(2) Recover Shield Eclipse for Cleric Secondary Quest;
99;Rihansi;949;0;0;0;325;0;0;0;201;202;203;0;0;0;(3) Potion of Pure Luck Secondary Quest;
100;Boob;0;0;0;0;0;0;0;0;0;0;0;0;0;0;;23
101;Boob;0;0;0;0;0;0;0;0;0;0;0;0;0;0;;2
102;Boob;0;0;0;0;0;0;0;0;0;0;0;0;0;0;;6
103;Boob;0;0;0;0;0;0;0;0;0;0;0;0;0;0;;14
104;Boob;0;0;0;0;0;0;0;0;0;0;0;0;0;0;;3
105;Boob;0;0;0;0;0;0;0;0;0;0;0;0;0;0;;6
106;Boob;0;0;0;0;0;0;0;0;0;0;0;0;0;0;;2
107;Boob;0;0;0;0;0;0;0;0;0;0;0;0;0;0;;4
108;Boob;0;0;0;0;0;0;0;0;0;0;0;0;0;0;;10
109;Boob;0;0;0;0;0;0;0;0;0;0;0;0;0;0;;23
110;Boob;0;0;0;0;0;0;0;0;0;0;0;0;0;0;;2
111;Boob;0;0;0;0;0;0;0;0;0;0;0;0;0;0;;39
112;Boob;0;0;0;0;0;0;0;0;0;0;0;0;0;0;;13
113;Boob;0;0;0;0;0;0;0;0;0;0;0;0;0;0;;13
114;Boob;0;0;0;0;0;0;0;0;0;0;0;0;0;0;;4
115;Boob;0;0;0;0;0;0;0;0;0;0;0;0;0;0;;39
116;Boob;0;0;0;0;0;0;0;0;0;0;0;0;0;0;;4
117;Boob;0;0;0;0;0;0;0;0;0;0;0;0;0;0;;10
118;Boob;0;0;0;0;0;0;0;0;0;0;0;0;0;0;;2
119;Boob;0;0;0;0;0;0;0;0;0;0;0;0;0;0;;39
120;Boob;0;0;0;0;0;0;0;0;0;0;0;0;0;0;;13
121;Boob;0;0;0;0;0;0;0;0;0;0;0;0;0;0;;5
122;Reaver;1062;0;0;0;267;0;0;0;191;192;0;0;0;0;(2) Pays for Naga Hides;
123;Keldon;891;0;0;0;327;0;0;0;198;199;0;0;0;0;(3) Kill All Ogres Secondary Quest and Pays bounty on Ogre Ears;
124;Galvinus;1250;0;0;0;401;0;0;0;244;245;246;0;0;0;(8) Potion of Pure Accuracy Secondary Quest;
125;Boob;0;0;0;0;0;0;0;0;0;0;0;0;0;0;;39
126;Boob;0;0;0;0;0;0;0;0;0;0;0;0;0;0;;13
127;Boob;0;0;0;0;0;0;0;0;0;0;0;0;0;0;;9
128;Boob;0;0;0;0;0;0;0;0;0;0;0;0;0;0;;2
129;Boob;0;0;0;0;0;0;0;0;0;0;0;0;0;0;;10
130;Boob;0;0;0;0;0;0;0;0;0;0;0;0;0;0;;4
131;Boob;0;0;0;0;0;0;0;0;0;0;0;0;0;0;;4
132;Boob;0;0;0;0;0;0;0;0;0;0;0;0;0;0;;14
133;Boob;0;0;0;0;0;0;0;0;0;0;0;0;0;0;;5
134;Boob;0;0;0;0;0;0;0;0;0;0;0;0;0;0;;13
135;Boob;0;0;0;0;0;0;0;0;0;0;0;0;0;0;;3
136;Boob;0;0;0;0;0;0;0;0;0;0;0;0;0;0;;6
137;Boob;0;0;0;0;0;0;0;0;0;0;0;0;0;0;;4
138;Boob;0;0;0;0;0;0;0;0;0;0;0;0;0;0;;2
139;Boob;0;0;0;0;0;0;0;0;0;0;0;0;0;0;;3
140;Boob;0;0;0;0;0;0;0;0;0;0;0;0;0;0;;4
141;Boob;0;0;0;0;0;0;0;0;0;0;0;0;0;0;;14
142;Boob;0;0;0;0;0;0;0;0;0;0;0;0;0;0;;6
143;Boob;0;0;0;0;0;0;0;0;0;0;0;0;0;0;;4
144;Boob;0;0;0;0;0;0;0;0;0;0;0;0;0;0;;10
145;Boob;0;0;0;0;0;0;0;0;0;0;0;0;0;0;;2
146;Boob;0;0;0;0;0;0;0;0;0;0;0;0;0;0;;2
147;Boob;0;0;0;0;0;0;0;0;0;0;0;0;0;0;;4
148;Boob;0;0;0;0;0;0;0;0;0;0;0;0;0;0;;5
149;Boob;0;0;0;0;0;0;0;0;0;0;0;0;0;0;;2
150;Boob;0;0;0;0;0;0;0;0;0;0;0;0;0;0;;3
151;Boob;0;0;0;0;0;0;0;0;0;0;0;0;0;0;;4
152;Boob;0;0;0;0;0;0;0;0;0;0;0;0;0;0;;3
153;Boob;0;0;0;0;0;0;0;0;0;0;0;0;0;0;;14
154;Boob;0;0;0;0;0;0;0;0;0;0;0;0;0;0;;13
155;Boob;0;0;0;0;0;0;0;0;0;0;0;0;0;0;;2
156;Boob;0;0;0;0;0;0;0;0;0;0;0;0;0;0;;13
157;Boob;0;0;0;0;0;0;0;0;0;0;0;0;0;0;;14
158;Boob;0;0;0;0;0;0;0;0;0;0;0;0;0;0;;6
159;Boob;0;0;0;0;0;0;0;0;0;0;0;0;0;0;;7
160;Talion;973;0;0;0;333;0;0;0;210;211;0;0;0;0;(4) Potion of Pure Endurance Secondary Quest;
161;Boob;0;0;0;0;0;0;0;0;0;0;0;0;0;0;;5
162;Boob;0;0;0;0;0;0;0;0;0;0;0;0;0;0;;8
163;Veldon;871;0;0;0;328;0;0;0;204;205;0;0;0;0;(3) Pays for Wasp Stingers;
164;Boob;0;0;0;0;0;0;0;0;0;0;0;0;0;0;;2
165;Boob;0;0;0;0;0;0;0;0;0;0;0;0;0;0;;6
166;Boob;0;0;0;0;0;0;0;0;0;0;0;0;0;0;;4
167;Boob;0;0;0;0;0;0;0;0;0;0;0;0;0;0;;4
168;Boob;0;0;0;0;0;0;0;0;0;0;0;0;0;0;;9
169;Boob;0;0;0;0;0;0;0;0;0;0;0;0;0;0;;6
170;Boob;0;0;0;0;0;0;0;0;0;0;0;0;0;0;;2
171;Boob;0;0;0;0;0;0;0;0;0;0;0;0;0;0;;13
172;Boob;0;0;0;0;0;0;0;0;0;0;0;0;0;0;;3
173;Boob;0;0;0;0;0;0;0;0;0;0;0;0;0;0;;6
174;Boob;0;0;0;0;0;0;0;0;0;0;0;0;0;0;;5
175;Boob;0;0;0;0;0;0;0;0;0;0;0;0;0;0;;10
176;Boob;0;0;0;0;0;0;0;0;0;0;0;0;0;0;;5
177;Boob;0;0;0;0;0;0;0;0;0;0;0;0;0;0;;6
178;Boob;0;0;0;0;0;0;0;0;0;0;0;0;0;0;;14
179;Boob;0;0;0;0;0;0;0;0;0;0;0;0;0;0;;2
180;Boob;0;0;0;0;0;0;0;0;0;0;0;0;0;0;;4
181;Boob;0;0;0;0;0;0;0;0;0;0;0;0;0;0;;5
182;Dirthic;815;0;0;0;235;0;0;0;294;585;0;0;0;0;(1) CureJungle Fever Secondary Quest;
183;Husk;807;0;0;0;236;0;0;0;295;586;0;0;0;0;(1) CureJungle Fever Secondary Quest;
184;Hobert;975;0;0;0;335;0;0;0;575;669;0;0;0;0;(4) Fire Resistance Potion Secondary Quest;
185;Kelvin;1116;0;0;0;374;0;0;0;232;233;234;0;0;0;(6) Potion of Pure Intellect Secondary Quest;
186;Pole;974;0;0;0;337;0;0;0;206;207;0;0;0;0;(4) Begin Deliver Fire Resistance Potions Secondary Quest;
187;Xevius;1013;0;0;0;397;0;0;0;242;243;0;0;0;0;(8) Buys Wyvern Horns;
188;Boob;0;0;0;0;0;0;0;0;0;0;0;0;0;0;;4
189;Boob;0;0;0;0;0;0;0;0;0;0;0;0;0;0;;2
190;Boob;0;0;0;0;0;0;0;0;0;0;0;0;0;0;;10
191;Boob;0;0;0;0;0;0;0;0;0;0;0;0;0;0;;2
192;Boob;0;0;0;0;0;0;0;0;0;0;0;0;0;0;;9
193;Boob;0;0;0;0;0;0;0;0;0;0;0;0;0;0;;3
194;Boob;0;0;0;0;0;0;0;0;0;0;0;0;0;0;;2
195;Boob;0;0;0;0;0;0;0;0;0;0;0;0;0;0;;9
196;Boob;0;0;0;0;0;0;0;0;0;0;0;0;0;0;;3
197;Boob;0;0;0;0;0;0;0;0;0;0;0;0;0;0;;4
198;Boob;0;0;0;0;0;0;0;0;0;0;0;0;0;0;;14
199;Boob;0;0;0;0;0;0;0;0;0;0;0;0;0;0;;2
200;Boob;0;0;0;0;0;0;0;0;0;0;0;0;0;0;;5
201;Boob;0;0;0;0;0;0;0;0;0;0;0;0;0;0;;14
202;Boob;0;0;0;0;0;0;0;0;0;0;0;0;0;0;;12
203;Boob;0;0;0;0;0;0;0;0;0;0;0;0;0;0;;2
204;Boob;0;0;0;0;0;0;0;0;0;0;0;0;0;0;;5
205;Boob;0;0;0;0;0;0;0;0;0;0;0;0;0;0;;13
206;Boob;0;0;0;0;0;0;0;0;0;0;0;0;0;0;;4
207;Boob;0;0;0;0;0;0;0;0;0;0;0;0;0;0;;10
208;Boob;0;0;0;0;0;0;0;0;0;0;0;0;0;0;;14
209;Boob;0;0;0;0;0;0;0;0;0;0;0;0;0;0;;5
210;Boob;0;0;0;0;0;0;0;0;0;0;0;0;0;0;;10
211;Boob;0;0;0;0;0;0;0;0;0;0;0;0;0;0;;9
212;Boob;0;0;0;0;0;0;0;0;0;0;0;0;0;0;;10
213;Boob;0;0;0;0;0;0;0;0;0;0;0;0;0;0;;13
214;Boob;0;0;0;0;0;0;0;0;0;0;0;0;0;0;;6
215;Boob;0;0;0;0;0;0;0;0;0;0;0;0;0;0;;14
216;Boob;0;0;0;0;0;0;0;0;0;0;0;0;0;0;;14
217;Boob;0;0;0;0;0;0;0;0;0;0;0;0;0;0;;6
218;Boob;0;0;0;0;0;0;0;0;0;0;0;0;0;0;;3
219;Schmecker;978;0;0;0;339;0;0;0;195;196;197;0;0;0;(4) Royal Wasp Jelly Secondary Quest;
220;Boob;0;0;0;0;0;0;0;0;0;0;0;0;0;0;;3
221;Boob;0;0;0;0;0;0;0;0;0;0;0;0;0;0;;14
222;Boob;0;0;0;0;0;0;0;0;0;0;0;0;0;0;;13
223;Boob;0;0;0;0;0;0;0;0;0;0;0;0;0;0;;13
224;Boob;0;0;0;0;0;0;0;0;0;0;0;0;0;0;;13
225;Boob;0;0;0;0;0;0;0;0;0;0;0;0;0;0;;13
226;Boob;0;0;0;0;0;0;0;0;0;0;0;0;0;0;;14
227;Boob;0;0;0;0;0;0;0;0;0;0;0;0;0;0;;39
228;Boob;0;0;0;0;0;0;0;0;0;0;0;0;0;0;;13
229;Boob;0;0;0;0;0;0;0;0;0;0;0;0;0;0;;10
230;Boob;0;0;0;0;0;0;0;0;0;0;0;0;0;0;;3
231;Calindril;1074;0;0;0;344;0;0;0;213;0;0;0;0;0;(5) Dragon Hunters Dragonbane Secondary Quest;
232;Castigeir;1240;0;0;0;393;0;0;0;238;239;240;0;0;0;(7) Potion of Pure Personallity Quest;
233;Boob;0;0;0;0;0;0;0;0;0;0;0;0;0;0;;10
234;Boob;0;0;0;0;0;0;0;0;0;0;0;0;0;0;;39
235;Boob;0;0;0;0;0;0;0;0;0;0;0;0;0;0;;39
236;Boob;0;0;0;0;0;0;0;0;0;0;0;0;0;0;;39
237;Boob;0;0;0;0;0;0;0;0;0;0;0;0;0;0;;10
238;Boob;0;0;0;0;0;0;0;0;0;0;0;0;0;0;;14
239;Balion Tearwing;2925;0;0;0;352;0;0;0;216;0;0;0;0;0;(5) Dragons Dragonbane Secondary Quest;
240;Avalon;1065;0;0;0;340;0;0;0;219;0;0;0;0;0;(5) Kill All Dragons Secondary quest;
241;Boob;0;0;0;0;0;0;0;0;0;0;0;0;0;0;;13
242;Boob;0;0;0;0;0;0;0;0;0;0;0;0;0;0;;6
243;Boob;0;0;0;0;0;0;0;0;0;0;0;0;0;0;;6
244;Boob;0;0;0;0;0;0;0;0;0;0;0;0;0;0;;10
245;Boob;0;0;0;0;0;0;0;0;0;0;0;0;0;0;;13
246;Boob;0;0;0;0;0;0;0;0;0;0;0;0;0;0;;10
247;Boob;0;0;0;0;0;0;0;0;0;0;0;0;0;0;;6
248;Boob;0;0;0;0;0;0;0;0;0;0;0;0;0;0;;6
249;Boob;0;0;0;0;0;0;0;0;0;0;0;0;0;0;;2
250;Boob;0;0;0;0;0;0;0;0;0;0;0;0;0;0;;4
251;Boob;0;0;0;0;0;0;0;0;0;0;0;0;0;0;;10
252;Boob;0;0;0;0;0;0;0;0;0;0;0;0;0;0;;2
253;Boob;0;0;0;0;0;0;0;0;0;0;0;0;0;0;;4
254;Boob;0;0;0;0;0;0;0;0;0;0;0;0;0;0;;7
255;Boob;0;0;0;0;0;0;0;0;0;0;0;0;0;0;;2
256;Boob;0;0;0;0;0;0;0;0;0;0;0;0;0;0;;4
257;Boob;0;0;0;0;0;0;0;0;0;0;0;0;0;0;;6
258;Boob;0;0;0;0;0;0;0;0;0;0;0;0;0;0;;9
259;Boob;0;0;0;0;0;0;0;0;0;0;0;0;0;0;;2
260;Boob;0;0;0;0;0;0;0;0;0;0;0;0;0;0;;4
261;Boob;0;0;0;0;0;0;0;0;0;0;0;0;0;0;;8
262;Boob;0;0;0;0;0;0;0;0;0;0;0;0;0;0;;39
263;Boob;0;0;0;0;0;0;0;0;0;0;0;0;0;0;;2
264;Boob;0;0;0;0;0;0;0;0;0;0;0;0;0;0;;3
265;Boob;0;0;0;0;0;0;0;0;0;0;0;0;0;0;;5
266;Boob;0;0;0;0;0;0;0;0;0;0;0;0;0;0;;2
267;Boob;0;0;0;0;0;0;0;0;0;0;0;0;0;0;;3
268;Boob;0;0;0;0;0;0;0;0;0;0;0;0;0;0;;14
269;Boob;0;0;0;0;0;0;0;0;0;0;0;0;0;0;;2
270;Boob;0;0;0;0;0;0;0;0;0;0;0;0;0;0;;3
271;Boob;0;0;0;0;0;0;0;0;0;0;0;0;0;0;;13
272;Boob;0;0;0;0;0;0;0;0;0;0;0;0;0;0;;14
273;Jerin Flame-eye;2926;0;0;0;350;0;0;0;221;0;0;0;0;0;(5) Kill All Dragon Hunters Secondary Quest;
274;Zelim;1071;0;0;0;318;0;0;0;223;224;0;0;0;0;(5) Drum of Vicotry Secondary Quest;
275;Tantilion;1102;0;0;0;384;0;0;0;226;227;0;0;0;0;(6) Bone of Doom Secondary Quest;
276;Benefice;1101;0;0;0;372;0;0;0;229;728;0;0;0;0;(6) Puzzle Box Secondary Quest;
277;Hallien;1122;0;0;0;366;0;0;0;235;236;0;0;0;0;(6) Vial of Grave Dirt Secondary Quest;
278;One-Eye;1205;0;0;0;432;0;0;0;249;247;248;0;0;0;(13) Lost Treasure of the Dread Pirate Stanley Secondary Quest;
279;Long-Tail;834;0;0;0;240;0;0;0;250;251;584;0;0;0;(1) Simple Trading Triangle;
280;Treblid;1243;0;0;0;251;0;0;0;252;253;0;0;0;0;(2) Simple Trading Triangle;
281;Gibere;872;0;0;0;313;0;0;0;254;255;0;0;0;0;(3) Simple Trading Triangle;
282;Mylander;1252;0;0;0;395;0;0;0;256;257;0;0;0;0;(7) Long Trading Triangle;
283;Whisper;1147;0;0;0;370;0;0;0;258;259;0;0;0;0;(6) Long Trading Triangle ;
284;Boob;0;0;0;0;0;0;0;0;0;0;0;0;0;0;; 
285;Irabelle Hunter;1236;0;0;0;0;0;0;0;741;0;0;0;0;0;Arion Hunters daughter; 
286;Boob;0;0;0;0;0;0;0;0;0;0;0;0;0;0;; 
287;Boob;0;0;0;0;0;0;0;0;0;0;0;0;0;0;; 
288;Boob;0;0;0;0;0;0;0;0;0;0;0;0;0;0;; 
289;Boob;0;0;0;0;0;0;0;0;0;0;0;0;0;0;;  
290;Boob;0;0;0;0;0;0;0;0;0;0;0;0;0;0;; 
291;Pavel;1200;0;0;0;436;0;98;0;260;261;0;0;0;0;(13) Long trading Triangle;
292;Journey;1113;0;0;0;369;0;0;0;262;263;0;0;0;0;(6) Mysterious Trading Triangle;
293;Neblick;896;0;0;0;274;0;0;0;264;265;0;0;0;0;(2) Mysterious Trading Triangle;
294;Cagnor;1016;0;0;0;452;0;0;0;266;267;0;0;0;0;(8) Mysterious Trading Triangle;
295;Blazen Stormlance;2903;0;0;0;0;0;115;0;53;54;55;0;0;0;(6) Part of Knight Promotion Quest;
296;Dread Pirate Stanley;1212;0;0;0;115;0;0;0;298;0;0;0;0;0;(13) False Report Secondary Quest;
297;Bryant Conlan;1067;0;0;0;272;0;0;0;579;577;578;0;0;0;(2) Bounty Hunter Quest;
298;Cahalli Evenall;888;0;0;0;301;0;0;0;579;577;578;0;0;0;(3) Bounty Hunter Quest;
299;Harry Merit;1;0;0;0;0;0;0;0;0;0;0;0;0;0;;
300;Aerie Luodrin;940;0;0;0;254;0;49;0;303;421;422;0;0;0;Expert Sword (2);
301;Jaycin Cardron;1206;0;0;0;316;0;49;0;304;420;422;0;0;0;Master Sword (5);
302;Miyon Dragontracker;1070;0;0;0;423;0;49;0;305;420;421;0;0;0;Grand Master Sword (13);
303;Herald Foestryke;1073;0;0;0;318;0;49;0;309;427;428;0;0;0;Expert Axe (5);
304;Jasp Hunter;986;0;0;0;284;0;49;0;310;426;428;0;0;0;Master Axe (2);
305;Garic Senjac;1046;0;0;0;413;0;49;0;311;426;427;0;0;0;Grand Master Axe (8);
306;Puddle Thain;978;0;0;0;248;0;49;0;300;418;419;0;0;0;Expert Staff (2);
307;Celia Stone;978;0;0;0;331;0;49;0;301;417;419;571;0;0;Master Staff (4);
308;Tristen Stillwater;1128;0;0;0;377;0;49;0;302;417;418;0;0;0;Grand Master Staff (6);
309;Matric Townsaver;867;0;0;0;259;0;49;0;312;430;431;0;0;0;Expert Spear (2);
310;Ashandra Withersmythe;926;0;0;0;287;0;49;0;313;429;431;0;0;0;Master Spear (3);
311;Yarrow;800;0;0;0;240;0;49;0;314;429;430;0;0;0;Grand Master Spear (1);
312;Lori Vespers;931;0;0;0;288;0;49;0;306;424;425;0;0;0;Expert Dagger (3);
313;Jobber ;1245;0;0;0;260;0;49;0;307;423;425;0;0;0;Master Dagger (2);
314;Karla Nirses;1217;0;0;0;424;0;49;0;308;423;424;0;0;0;Grand Master Dagger (13);
315;Shivan Keeneye;805;0;0;0;230;0;49;0;315;433;434;0;0;0;Expert Bow (1);
316;Oberic Nosewort;897;0;0;0;282;0;49;0;316;432;434;0;0;0;Master Bow (2);
317;Solis;869;0;0;0;289;0;49;0;317;432;433;0;0;0;Grand Master Bow (3);
318;Lisha Sourbrow;958;0;0;0;259;0;49;0;318;436;437;0;0;0;Expert Mace (2);
319;Robert Morningstar;1014;0;0;0;317;0;49;0;319;435;437;0;0;0;Master Mace (5);
320;Brother Hearthsworn;986;0;0;0;332;0;49;0;320;435;436;572;0;0;Grand Master Mace (4);
321;Thadin ;807;0;0;0;227;0;49;0;327;442;443;0;0;0;Exper Leather (1);
322;Shamus Hollyfield;1032;0;0;0;417;0;49;0;328;441;443;0;0;0;Master Leather (8);
323;Medwari Elmsmire;970;0;0;0;333;0;49;0;329;441;442;573;0;0;Grand Master Leather (4);
324;Tobren Forgewright;920;0;0;0;249;0;49;0;330;445;446;0;0;0;Expert Chain (2);
325;Halian Eversmyle;1210;0;0;0;290;0;49;0;331;444;446;0;0;0;Master Chain (3);
326;Seline Burnkindle;937;0;0;0;425;0;49;0;332;444;445;0;0;0;Grand Master Chain (13);
327;Bone;818;0;0;0;233;0;49;0;333;448;449;292;0;0;Expert Plate (1);
328;Botham;1068;0;0;0;273;0;49;0;334;447;449;0;0;0;Master Plate (2);
329;Sethine Ironfist;1081;0;0;0;319;0;49;0;335;447;448;0;0;0;Grand Master Plate (5);
330;Qillain Moore;885;0;0;0;291;0;49;0;324;439;440;0;0;0;Expert Shield (3);
331;Sheldon Nightwood;1115;0;0;0;362;0;49;0;325;438;440;0;0;0;Master Shield (6);
332;Peryn Reaverston;1063;0;0;0;320;0;49;0;326;438;439;0;0;0;Grand Master Shield (5);
333;Taren Temper;876;0;0;0;268;0;49;0;336;451;452;0;0;0;Expert Fire_Magic (2);
334;Solomon Steele;892;0;0;0;300;0;49;0;337;450;452;0;0;0;Master Fire_Magic (3);
335;Burn;1257;0;0;0;321;0;49;0;338;450;451;0;0;0;Grand Master Fire_Magic (11);
336;Ulbrecht Pederton;1244;0;0;0;247;0;49;0;342;457;458;0;0;0;Expert Water_Magic (2);
337;Gregory Mist;978;0;0;0;334;0;49;0;343;456;458;574;0;0;Master Water_Magic (4);
338;Black Current;1273;0;0;0;323;0;49;0;344;456;457;0;0;0;Grand Master Water_Magic (12);
339;Reshie ;823;0;0;0;238;0;49;0;339;454;455;0;0;0;Expert Air_Magic (1);
340;Hollis Stormeye;1029;0;0;0;419;0;49;0;340;453;455;0;0;0;Master Air_Magic (7);
341;Cloud Nedlon;1267;0;0;0;450;0;49;0;341;453;454;0;0;0;Grand Master Air_Magic (9);
342;Ostrin Grivic;835;0;0;0;242;0;49;0;345;460;461;0;0;0;Expert Earth_Magic (1);
343;Dorothy Sablewood;949;0;0;0;299;0;49;0;346;459;461;0;0;0;Master Earth_Magic (2);
344;Griven;1262;0;0;0;477;0;49;0;347;459;460;0;0;0;Grand Master Earth_Magic (10);
345;Straton Hawthorne;1240;0;0;0;280;0;49;0;348;463;464;0;0;0;Expert Spirit_Magic (2);
346;Bethold Kern;1072;0;0;0;347;0;49;0;349;462;464;0;0;0;Master Spirit_Magic (5);
347;Lasiter Ravensight;1250;0;0;0;388;0;49;0;350;462;463;0;0;0;Grand Master Spirit_Magic (7);
348;Shane Krewlen;862;0;0;0;292;0;49;0;351;466;467;0;0;0;Expert Mind_Magic (3);
349;Barbara Lotts;1026;0;0;0;416;0;49;0;352;465;467;0;0;0;Master Mind_Magic (8);
350;Gilad Dreamwright;1088;0;0;0;389;0;49;0;353;465;466;0;0;0;Grand Master Mind_Magic (7);
351;Zevah Poised;801;0;0;0;231;0;49;0;354;469;470;290;0;0;Expert Body_Magic (1);
352;Tugor Arin;1066;0;0;0;341;0;49;0;355;468;470;0;0;0;Master Body_Magic (5);
353;Critias Snowtree;1240;0;0;0;390;0;49;0;356;468;469;0;0;0;Grand Master Body_Magic (7);
354;Archibald Dawnsglow;1245;0;0;0;256;0;49;0;357;472;473;0;0;0;Expert Light_Magic (2);
355;Lunius Dawnbringer;1203;0;0;0;391;0;49;0;358;471;473;0;0;0;Master Light_Magic (7);
356;Aldrin Cleareye;1242;0;0;0;426;0;49;0;359;471;472;0;0;0;Grand Master Light_Magic (13);
357;Patwin Darkenmore;866;0;0;0;293;0;49;0;360;475;476;0;0;0;Expert Dark_Magic (3);
358;Carla Umberpool;1215;0;0;0;373;0;49;0;361;474;476;0;0;0;Master Dark_Magic (6);
359;Sithicus Shadowrunner;1165;0;0;0;427;0;49;0;362;474;475;0;0;0;Grand Master Dark_Magic (13);
360;Flynn Shador;1168;0;0;0;363;0;49;0;366;523;524;0;0;0;Expert Vampire(6);
361;Douglas Dirthmoore;1163;0;0;0;359;0;49;0;367;522;524;0;0;0;Master Vampire (6);
362;Payge Arachnia;1181;0;0;0;358;0;49;0;368;522;523;0;0;0;Grand Master Vampire (6);
363;Fedwin Dervish;901;0;0;0;294;0;49;0;363;526;527;0;0;0;Expert Dark Elf (3);
364;Lanshee Caverhill;933;0;0;0;266;0;49;0;364;525;527;0;0;0;Master Dark Elf (2);
365;Ton Agraynel;902;0;0;0;295;0;49;0;365;525;526;0;0;0;Grand Master Dark Elf (3);
366;Ishton;2925;0;0;0;350;0;49;0;369;529;530;0;0;0;Expert Dragon(5);
367;Erthint;2926;0;0;0;351;0;49;0;370;528;530;0;0;0;Master Dragon (5);
368;Klain Scarwing;2926;0;0;0;352;0;49;0;371;528;529;0;0;0;Grand Master Dragon (5);
369;Chevon Wist;807;0;0;0;228;0;49;0;393;499;500;0;0;0;Expert Disarm_Trap (1);
370;Kelli Lightfingers;1211;0;0;0;296;0;49;0;394;498;500;0;0;0;Master Disarm_Trap (3);
371;Gareth Lifter;901;0;0;0;428;0;49;0;395;498;499;0;0;0;Grand Master Disarm_Trap (13);
372;Silk Nightwalker;889;0;0;0;297;0;49;0;387;493;494;0;0;0;Expert Perception (3);
373;Helga Steeleye;1119;0;0;0;371;0;49;0;388;492;494;0;0;0;Master Perception (6);
374;Balan Suretrail;1031;0;0;0;407;0;49;0;389;492;493;0;0;0;Grand Master Perception (8);
375;Fishner Thomb;816;0;0;0;232;0;49;0;375;481;482;291;0;0;Expert Merchant (1);
376;Fenton Iverson;875;0;0;0;308;0;49;0;376;480;482;0;0;0;Master Merchant (3);
377;Raven Quicktoungue;949;0;0;0;263;0;49;0;377;480;481;0;0;0;Grand Master Merchant (2);
378;Petra Mithrit;1083;0;0;0;392;0;49;0;414;520;521;0;0;0;Expert Learning (7);
379;Garret Mistspring;1129;0;0;0;357;0;49;0;415;519;521;0;0;0;Master Learning (6);
380;Wanda Lightsworn;1080;0;0;0;342;0;49;0;416;519;520;0;0;0;Grand Master Learning (5);
381;Alton Putnam;1060;0;0;0;269;0;49;0;384;490;491;0;0;0;Expert Meditation (2);
382;Gretchin Nevermore;930;0;0;0;305;0;49;0;385;489;491;0;0;0;Master Meditation (7);
383;Lenord Nightcrawler;1162;0;0;0;356;0;49;0;386;489;490;0;0;0;Grand Master Meditation (6);
384;Menasaur ;802;0;0;0;235;0;49;0;381;487;488;0;0;0;Expert Body_building (1);
385;Kenneth Otterton;1013;0;0;0;343;0;49;0;382;486;488;0;0;0;Master Body_Building (5);
386;Mikel Smithson;971;0;0;0;336;0;49;0;383;486;487;576;0;0;Grand Master Body_Building (4);
387;Kyra Sparkmen;918;0;0;0;298;0;49;0;372;478;479;0;0;0;Expert Identify_Item (1);
388;Eithian ;834;0;0;0;229;0;49;0;373;477;479;0;0;0;Master Identify_Item (3);
389;Elzbet Roggen;1157;0;0;0;365;0;49;0;374;477;478;0;0;0;Grand Master Identify_Item (6);
390;Evandar Lotts;1241;0;0;0;281;0;49;0;378;484;485;0;0;0;Expert Repair_Item (2);
391;Quick Jeni ;1079;0;0;0;348;0;49;0;379;483;485;0;0;0;Master Reapir_Item (5);
392;Qethrin Tonk;1244;0;0;0;393;0;49;0;380;483;484;0;0;0;Grand Master Repair_Item (7);
393;Tessa Maker;1086;0;0;0;345;0;49;0;402;508;509;0;0;0;Expert Identify_Monster (5);
394;Matric Keenedge;1103;0;0;0;394;0;49;0;403;507;509;0;0;0;Master Identify_Monster (7);
395;Blacken Stonecleaver;1072;0;0;0;275;0;49;0;404;507;508;0;0;0;Grand Master Identify_Monster (2);
396;Norbert Slayer;1065;0;0;0;346;0;49;0;405;511;512;0;0;0;Expert Armsmaster (5);
397;Lasatin the Scarred;802;0;0;0;234;0;49;0;406;510;512;293;0;0;Master Armsmaster (1);
398;Jasper Steelcoif;1209;0;0;0;429;0;49;0;407;510;511;0;0;0;Grand Master Armsmaster (13);
399;Tabitha Watershed;958;0;0;0;302;0;49;0;411;517;518;0;0;0;Expert Alchemy (3);
400;Kethry Treasurestone;1223;0;0;0;395;0;49;0;412;516;518;0;0;0;Master Alchemy (7);
401;Ich ;805;0;0;0;228;0;49;0;413;516;517;0;0;0;Grand Master Alchemy (1);
402;Kethric Tarent;972;0;0;0;338;0;49;0;390;496;497;0;0;0;Expert Regeneration (4);
403;William Sampson;1247;0;0;0;396;0;49;0;391;495;497;0;0;0;Master Regeneration (7);
404;Ush the Many Tailed;834;0;0;0;243;0;49;0;392;495;496;0;0;0;Grand Master Regeneration (1);
405;Elsie Apple;919;0;0;0;250;0;60;0;676;0;0;0;0;0;Hint NPC in Ravenshore;
406;Jillian Applebee;958;0;0;0;255;0;62;0;679;0;0;0;0;0;Hint NPC in Ravenshore;
407;Chadric Benson;1061;0;0;0;319;0;0;0;675;0;0;0;0;0;Hint NPC in DH camp;
408;Mortie Bith;1250;0;0;0;379;0;61;0;678;0;0;0;0;0;Hint NPC in Shadowspire;
409;Aznog Black;978;0;0;0;253;0;0;0;677;0;0;0;0;0;Troll Hint NPC in Ravenshore;
410;Tonk Blueswan;1078;0;0;0;262;0;0;0;0;597;0;0;0;0;Arcomange Secondary Quest (2);
411;Turgon Bombah;863;0;0;0;326;0;106;0;594;0;0;0;0;0;Ore Weapon (3);
412;Karn Bowes;881;0;0;0;314;0;106;0;595;0;0;0;0;0;Ore Armor (3);
413;Kerin Bremen;920;0;0;0;315;0;106;0;596;0;0;0;0;0;Ore Item (3);
414;Claderin Brightspear;1153;0;0;0;361;0;106;0;594;0;0;0;0;0;Ore Item (6);
415;Cardric Caverhill;1168;0;0;0;375;0;106;0;595;0;0;0;0;0;Ore Item (6);
416;Brother Crane;1117;0;0;0;378;0;106;0;596;0;0;0;0;0;Ore Item (6);
417;Poundlin Deerhunter;940;0;0;0;258;0;58;0;672;0;0;0;0;0;Ravenshore, Vault of Time Hint;
418;Isram Delver;1067;0;0;0;317;0;58;0;674;0;0;0;0;0;Hint NPC in DH camp;
419;Dotes;971;0;0;0;286;0;0;0;661;663;0;0;0;0;Hint Npc;
420;Weldrik Falconeye;1064;0;0;0;349;0;93;0;711;0;0;0;0;0;Hint Npc;
421;Dekian Farswell;877;0;0;0;329;0;58;0;709;0;0;0;0;0;Hint Npc;
422;Brand Featherwind;880;0;0;0;330;0;58;0;710;0;0;0;0;0;Hint Npc;
423;Kindle Fellburn;934;0;0;0;380;0;58;0;712;0;0;0;0;0;Hint Npc;
424;Ashen Fiddlebone;899;0;0;0;382;0;94;0;714;0;0;0;0;0;Hint Npc;
425;Sethrik Fist ;901;0;0;0;385;0;95;0;715;0;0;0;0;0;Hint Npc;
426;Bigfist Slowstepper;976;0;0;0;331;0;94;0;716;0;0;0;0;0;Hint Npc;
427;Zephyr;1266;0;0;0;445;0;96;0;717;0;0;0;0;0;Hint Npc;
428;Lara Gallowswell;936;0;0;0;381;0;58;0;713;0;0;0;0;0;Hint Npc;
429;Gizmo Bertram ;866;0;0;0;257;0;0;0;663;665;0;0;0;0;Hint Npc;
430;Heather Goblinreaver;987;0;0;0;335;0;0;0;668;671;0;0;0;0;Hint Npc;
431;Benjamin Greenstorm;981;0;0;0;336;0;0;0;669;0;0;0;0;0;Hint Npc;
432;Julian Greensward;985;0;0;0;337;0;0;0;670;0;0;0;0;0;Hint Npc;
433;Myles Greydawn;883;0;0;0;311;0;0;0;664;0;0;0;0;0;Hint Npc;
434;Xavier Havest;864;0;0;0;307;0;0;0;665;0;0;0;0;0;Hint Npc;
435;Ethan Hillsman;884;0;0;0;265;0;0;0;661;0;0;0;0;0;Hint Npc;
436;Holden;986;0;0;0;252;0;0;0;662;671;0;0;0;0;Hint Npc;
437;Karlin Ivers;924;0;0;0;246;0;0;0;663;662;0;0;0;0;Hint Npc;
438;Samuel Jack;984;0;0;0;245;0;0;0;660;0;0;0;0;0;Hint Npc;
439;Payge Karrand;930;0;0;0;270;0;0;0;659;665;0;0;0;0;Hint Npc;
440;Brigham Kinney;898;0;0;0;278;0;0;0;658;663;0;0;0;0;Hint Npc;
441;Thomas Laraselle;878;0;0;0;264;0;0;0;657;666;0;0;0;0;Hint Npc;
442;Asael Fromago;865;0;0;0;303;0;57;0;654;655;656;0;0;0;Cheese Connoisseur in Alvar;
443;Bazalath;2926;0;0;0;350;0;0;0;673;0;0;0;0;0;Dragon Hint NPC in Dragon Cave;
444;Loamwalker;1261;0;0;0;457;0;63;0;680;0;0;0;0;0;Hint NPC in Plane of Earth;
445;Soil;1260;0;0;0;458;0;64;0;681;0;0;0;0;0;Hint NPC in Plane of Earth;
446;Wingsail;1267;0;0;0;443;0;65;0;682;0;0;0;0;0;Hint NPC in Plane of Air;
447;Vapor;1265;0;0;0;444;0;66;0;683;0;0;0;0;0;Hint NPC in Plane of Air;
448;Riverglass;1272;0;0;0;472;0;67;0;684;0;0;0;0;0;Hint NPC in Plane of Water;
449;Clearcreek;1271;0;0;0;473;0;68;0;685;0;0;0;0;0;Hint NPC in Plane of Water;
450;Devlin Arcanus;1;0;0;0;0;0;0;0;601;0;0;0;0;0;Roster PC;
451;Fredrick Talimere;1;0;0;0;0;0;0;0;602;0;0;0;0;0;Roster PC;
452;Simon Templar;2901;0;0;0;0;0;103;0;603;0;0;0;0;0;Roster PC;
453;Overdune Snaprfinger;1;0;0;0;0;0;0;0;604;0;0;0;0;0;Roster PC;
454;Arius;2921;0;0;0;257;0;71;0;605;0;0;0;0;0;Roster PC;
455;Rohani Oscleton;2918;0;0;0;309;0;72;0;606;0;0;0;0;0;Roster PC;
456;Elsbeth Lamentia;1;0;0;0;0;0;0;0;607;0;0;0;0;0;Roster PC;
457;Ithilgore;2925;0;0;0;351;0;73;0;608;0;0;0;0;0;Roster PC;
458;Karanya Memoria;2910;0;0;0;279;0;74;0;706;0;0;0;0;0;Roster PC;
459;Maylander ;2907;0;0;0;261;0;75;0;707;0;0;0;0;0;Roster PC;
460;Leane Stormlance;2904;0;0;0;0;0;0;0;611;0;0;0;0;0;Roster PC;
461;Volog Sandwind;2924;0;0;0;0;0;0;0;612;0;0;0;0;0;(4) troll promo;
462;Thanys;1;0;0;0;0;0;0;0;613;0;0;0;0;0;Roster PC;
463;Jasp Thelbourne;2917;0;0;0;310;0;76;0;708;0;0;0;0;0;Roster PC;
464;Gethric Mercutura;2915;0;0;0;364;0;77;0;615;0;0;0;0;0;Roster PC;
465;Flamdring;2926;0;0;0;483;0;79;0;616;0;0;0;0;0;Roster PC;
466;Hevatia Deverbero;2928;0;0;0;383;0;80;0;688;0;0;0;0;0;Roster PC;
467;Verish ;2905;0;0;0;482;0;81;0;689;0;0;0;0;0;Roster PC;
468;Nelix Uriel;2903;0;0;0;480;0;82;0;690;0;0;0;0;0;Roster PC;
469;Sethrc Thistlebone;2923;0;0;0;479;0;83;0;691;0;0;0;0;0;Roster PC;
470;Rionel;2921;0;0;0;408;0;84;0;692;0;0;0;0;0;Roster PC;
471;Adric Stellare;2919;0;0;0;312;0;85;0;693;0;0;0;0;0;Roster PC;
472;Infaustus ;2914;0;0;0;368;0;86;0;694;0;0;0;0;0;Roster PC;
473;Brimstone;2925;0;0;0;484;0;87;0;695;0;0;0;0;0;Roster PC;
474;Vetrinus Taleshire;2928;0;0;0;0;0;0;0;625;0;0;0;0;0;(6) Necro Promo;
475;Dervish Chevron;2907;0;0;0;0;0;0;0;626;0;0;0;0;0;(2) Eclipse secondary quest;
476;Tempus ;2903;0;0;0;481;0;88;0;696;0;0;0;0;0;Roster PC;
477;Thorne Understone;2924;0;0;0;478;0;89;0;697;0;0;0;0;0;Roster PC;
478;Ulbrecht;2922;0;0;0;412;0;90;0;698;0;0;0;0;0;Roster PC;
479;Cauri Blackthorne;2920;0;0;0;0;0;0;0;630;0;0;0;0;0;(7) dark elf promo ;
480;Artorius Veritas;2915;0;0;0;376;0;91;0;699;0;0;0;0;0;Roster PC;
481;Duroth the Eternal;2926;0;0;0;485;0;92;0;700;0;0;0;0;0;Roster PC;
482;Nathaniel Roberts;2911;0;0;0;367;0;78;0;633;0;0;0;0;0;Roster PC;
483;Dyson Leyland;1;0;0;0;0;0;0;0;634;0;0;0;0;0;Roster PC;
484;Blazen Stormlance;2903;0;0;0;0;0;0;0;635;0;0;0;0;0;(6) knight promo;
485;troll;1;0;0;0;0;0;0;0;636;0;0;0;0;0;Roster PC;
486;minotaur;1;0;0;0;0;0;0;0;637;0;0;0;0;0;Roster PC;
487;darkelf;1;0;0;0;0;0;0;0;638;0;0;0;0;0;Roster PC;
488;vampire;1;0;0;0;0;0;0;0;639;0;0;0;0;0;Roster PC;
489;dragon;1;0;0;0;0;0;0;0;640;0;0;0;0;0;Roster PC;
490;necromancer;1;0;0;0;0;0;0;0;641;0;0;0;0;0;Roster PC;
491;cleric;1;0;0;0;0;0;0;0;642;0;0;0;0;0;Roster PC;
492;knight;1;0;0;0;0;0;0;0;643;0;0;0;0;0;Roster PC;
493;troll;1;0;0;0;0;0;0;0;644;0;0;0;0;0;Roster PC;
494;minotaur;1;0;0;0;0;0;0;0;645;0;0;0;0;0;Roster PC;
495;darkelf;1;0;0;0;0;0;0;0;646;0;0;0;0;0;Roster PC;
496;vampire;1;0;0;0;0;0;0;0;647;0;0;0;0;0;Roster PC;
497;dragon;1;0;0;0;0;0;0;0;648;0;0;0;0;0;Roster PC;
498;dragon;1;0;0;0;0;0;0;0;649;0;0;0;0;0;Roster PC;
499;Ember;1259;0;0;0;467;0;69;0;686;0;0;0;0;0;Hint NPC in Plane of Fire;
500;Evenblaze;1257;0;0;0;468;0;70;0;687;0;0;0;0;0;Hint NPC in Plane of Fire;
501;Arena Master;1080;0;0;0;0;0;0;0;704;0;0;0;0;0;Arena Master;
502;Oracle;878;0;0;0;187;0;113;0;705;732;0;0;0;0;Seer;
503;Davee Sail;1208;0;0;0;399;0;97;0;718;0;0;0;0;0;Hint NPC;
504;Erik Jarblower;1213;0;0;0;430;0;98;0;719;0;0;0;0;0;Hint NPC;
505;Jarrena Marmon;1216;0;0;0;431;0;98;0;720;0;0;0;0;0;HintNPC;
506;Pirate Paul;1201;0;0;0;433;0;98;0;721;0;0;0;0;0;HintNPC;
507;Yoel Wargreen;1173;0;0;0;386;0;99;0;722;0;0;0;0;0;HintNPC;
508;Pordo;1010;0;0;0;400;0;100;0;723;0;0;0;0;0;HintNPC;
509;Vish;1011;0;0;0;398;0;100;0;724;0;0;0;0;0;HintNPC;
510;Ferris;1030;0;0;0;403;0;58;0;725;0;0;0;0;0;HintNPC;
511;Ex-captain Terrence;1204;0;0;0;434;0;101;0;726;0;0;0;0;0;HintNPC;
512;Fenella Ferne;1222;0;0;0;435;0;98;0;727;0;0;0;0;0;HintNPC;
513;Dierdra Wallace;1180;0;0;0;387;0;62;0;728;0;0;0;0;0;HintNPC;
514;Nalani;1221;0;0;0;437;0;98;0;729;0;0;0;0;0;HintNPC;
515;Rhetta Mercer;1224;0;0;0;438;0;102;0;730;0;0;0;0;0;HintNPC;
516;Lizardman Peasant;800;0;0;0;0;0;0;0;0;0;0;0;0;0;;
517;Lizardman Guard;818;0;0;0;0;0;0;0;0;0;0;0;0;0;;
518;Dark Elf Peasant;933;0;0;0;0;0;0;0;0;0;0;0;0;0;;
519;Dark Elf Guard;860;0;0;0;0;0;0;0;0;0;0;0;0;0;;
520;Ogre Peasant;1009;0;0;0;0;0;0;0;0;0;0;0;0;0;;
521;Wererat Peasants;1238;0;0;0;0;0;0;0;0;0;0;0;0;0;;
522;Troll Peasant;977;0;0;0;0;0;0;0;0;0;0;0;0;0;;
523;Dragon Hunter;1061;0;0;0;0;0;0;0;0;0;0;0;0;0;;
524;Necromancer Peasant;1183;0;0;0;0;0;0;0;0;0;0;0;0;0;;
525;Cleric Peasant;1251;0;0;0;0;0;0;0;0;0;0;0;0;0;;
526;Regnan Peasant;1208;0;0;0;0;0;0;0;0;0;0;0;0;0;;
527;Minotaur Peasant;1044;0;0;0;0;0;0;0;0;0;0;0;0;0;;
528;Boob;0;0;0;0;0;0;0;0;0;0;0;0;0;0;;
529;Boob;0;0;0;0;0;0;0;0;0;0;0;0;0;0;;
530;Boob;0;0;0;0;0;0;0;0;0;0;0;0;0;0;;
531;Boob;0;0;0;0;0;0;0;0;0;0;0;0;0;0;;
532;Boob;0;0;0;0;0;0;0;0;0;0;0;0;0;0;;
533;Boob;0;0;0;0;0;0;0;0;0;0;0;0;0;0;;
534;Boob;0;0;0;0;0;0;0;0;0;0;0;0;0;0;;
535;Boob;0;0;0;0;0;0;0;0;0;0;0;0;0;0;;
536;Boob;0;0;0;0;0;0;0;0;0;0;0;0;0;0;;
537;Boob;0;0;0;0;0;0;0;0;0;0;0;0;0;0;;
538;Boob;0;0;0;0;0;0;0;0;0;0;0;0;0;0;;
539;Boob;0;0;0;0;0;0;0;0;0;0;0;0;0;0;;
540;Boob;0;0;0;0;0;0;0;0;0;0;0;0;0;0;;
541;Boob;0;0;0;0;0;0;0;0;0;0;0;0;0;0;;
542;Boob;0;0;0;0;0;0;0;0;0;0;0;0;0;0;;
543;Boob;0;0;0;0;0;0;0;0;0;0;0;0;0;0;;
544;Boob;0;0;0;0;0;0;0;0;0;0;0;0;0;0;;
545;Boob;0;0;0;0;0;0;0;0;0;0;0;0;0;0;;
546;Boob;0;0;0;0;0;0;0;0;0;0;0;0;0;0;;
547;Boob;0;0;0;0;0;0;0;0;0;0;0;0;0;0;;
548;Boob;0;0;0;0;0;0;0;0;0;0;0;0;0;0;;
549;Boob;0;0;0;0;0;0;0;0;0;0;0;0;0;0;;
550;Boob;0;0;0;0;0;0;0;0;0;0;0;0;0;0;;
551;Boob;0;0;0;0;0;0;0;0;0;0;0;0;0;0;;
552;Boob;0;0;0;0;0;0;0;0;0;0;0;0;0;0;;
553;Boob;0;0;0;0;0;0;0;0;0;0;0;0;0;0;;
554;Boob;0;0;0;0;0;0;0;0;0;0;0;0;0;0;;
555;Boob;0;0;0;0;0;0;0;0;0;0;0;0;0;0;;
556;Boob;0;0;0;0;0;0;0;0;0;0;0;0;0;0;;
557;Boob;0;0;0;0;0;0;0;0;0;0;0;0;0;0;;
558;Boob;0;0;0;0;0;0;0;0;0;0;0;0;0;0;;
559;Boob;0;0;0;0;0;0;0;0;0;0;0;0;0;0;;
560;Boob;0;0;0;0;0;0;0;0;0;0;0;0;0;0;;
561;Boob;0;0;0;0;0;0;0;0;0;0;0;0;0;0;;
562;Boob;0;0;0;0;0;0;0;0;0;0;0;0;0;0;;
563;Boob;0;0;0;0;0;0;0;0;0;0;0;0;0;0;;
564;Boob;0;0;0;0;0;0;0;0;0;0;0;0;0;0;;
565;Boob;0;0;0;0;0;0;0;0;0;0;0;0;0;0;;
566;Boob;0;0;0;0;0;0;0;0;0;0;0;0;0;0;;
567;Boob;0;0;0;0;0;0;0;0;0;0;0;0;0;0;;
568;Boob;0;0;0;0;0;0;0;0;0;0;0;0;0;0;;
569;Boob;0;0;0;0;0;0;0;0;0;0;0;0;0;0;;
570;Boob;0;0;0;0;0;0;0;0;0;0;0;0;0;0;;
571;Boob;0;0;0;0;0;0;0;0;0;0;0;0;0;0;;
572;Boob;0;0;0;0;0;0;0;0;0;0;0;0;0;0;;
573;Boob;0;0;0;0;0;0;0;0;0;0;0;0;0;0;;
574;Boob;0;0;0;0;0;0;0;0;0;0;0;0;0;0;;
575;Boob;0;0;0;0;0;0;0;0;0;0;0;0;0;0;;
576;Boob;0;0;0;0;0;0;0;0;0;0;0;0;0;0;;
577;Boob;0;0;0;0;0;0;0;0;0;0;0;0;0;0;;
578;Boob;0;0;0;0;0;0;0;0;0;0;0;0;0;0;;
579;Boob;0;0;0;0;0;0;0;0;0;0;0;0;0;0;;
580;Boob;0;0;0;0;0;0;0;0;0;0;0;0;0;0;;
581;Boob;0;0;0;0;0;0;0;0;0;0;0;0;0;0;;
582;Boob;0;0;0;0;0;0;0;0;0;0;0;0;0;0;;
583;Boob;0;0;0;0;0;0;0;0;0;0;0;0;0;0;;
584;Boob;0;0;0;0;0;0;0;0;0;0;0;0;0;0;;
585;Boob;0;0;0;0;0;0;0;0;0;0;0;0;0;0;;
586;Boob;0;0;0;0;0;0;0;0;0;0;0;0;0;0;;
587;Boob;0;0;0;0;0;0;0;0;0;0;0;0;0;0;;
588;Boob;0;0;0;0;0;0;0;0;0;0;0;0;0;0;;
589;Boob;0;0;0;0;0;0;0;0;0;0;0;0;0;0;;
590;Boob;0;0;0;0;0;0;0;0;0;0;0;0;0;0;;
591;Boob;0;0;0;0;0;0;0;0;0;0;0;0;0;0;;
592;Boob;0;0;0;0;0;0;0;0;0;0;0;0;0;0;;
593;Boob;0;0;0;0;0;0;0;0;0;0;0;0;0;0;;
594;Boob;0;0;0;0;0;0;0;0;0;0;0;0;0;0;;
595;Boob;0;0;0;0;0;0;0;0;0;0;0;0;0;0;;
596;Boob;0;0;0;0;0;0;0;0;0;0;0;0;0;0;;
597;Boob;0;0;0;0;0;0;0;0;0;0;0;0;0;0;;
598;Boob;0;0;0;0;0;0;0;0;0;0;0;0;0;0;;
599;Boob;0;0;0;0;0;0;0;0;0;0;0;0;0;0;;
600;Boob;0;0;0;0;0;0;0;0;0;0;0;0;0;0;;
601;Boob;0;0;0;0;0;0;0;0;0;0;0;0;0;0;;
602;Boob;0;0;0;0;0;0;0;0;0;0;0;0;0;0;;
603;Boob;0;0;0;0;0;0;0;0;0;0;0;0;0;0;;
604;Boob;0;0;0;0;0;0;0;0;0;0;0;0;0;0;;
605;Boob;0;0;0;0;0;0;0;0;0;0;0;0;0;0;;
606;Boob;0;0;0;0;0;0;0;0;0;0;0;0;0;0;;
607;Boob;0;0;0;0;0;0;0;0;0;0;0;0;0;0;;
608;Boob;0;0;0;0;0;0;0;0;0;0;0;0;0;0;;
609;Boob;0;0;0;0;0;0;0;0;0;0;0;0;0;0;;
610;Boob;0;0;0;0;0;0;0;0;0;0;0;0;0;0;;
611;Boob;0;0;0;0;0;0;0;0;0;0;0;0;0;0;;
612;Boob;0;0;0;0;0;0;0;0;0;0;0;0;0;0;;
613;Boob;0;0;0;0;0;0;0;0;0;0;0;0;0;0;;
614;Boob;0;0;0;0;0;0;0;0;0;0;0;0;0;0;;
615;Boob;0;0;0;0;0;0;0;0;0;0;0;0;0;0;;
616;Boob;0;0;0;0;0;0;0;0;0;0;0;0;0;0;;
617;Boob;0;0;0;0;0;0;0;0;0;0;0;0;0;0;;
618;Boob;0;0;0;0;0;0;0;0;0;0;0;0;0;0;;
619;Boob;0;0;0;0;0;0;0;0;0;0;0;0;0;0;;
620;Boob;0;0;0;0;0;0;0;0;0;0;0;0;0;0;;
621;Boob;0;0;0;0;0;0;0;0;0;0;0;0;0;0;;
622;Boob;0;0;0;0;0;0;0;0;0;0;0;0;0;0;;
623;Boob;0;0;0;0;0;0;0;0;0;0;0;0;0;0;;
624;Boob;0;0;0;0;0;0;0;0;0;0;0;0;0;0;;
625;Boob;0;0;0;0;0;0;0;0;0;0;0;0;0;0;;
626;Boob;0;0;0;0;0;0;0;0;0;0;0;0;0;0;;
627;Boob;0;0;0;0;0;0;0;0;0;0;0;0;0;0;;
628;Boob;0;0;0;0;0;0;0;0;0;0;0;0;0;0;;
629;Boob;0;0;0;0;0;0;0;0;0;0;0;0;0;0;;
630;Boob;0;0;0;0;0;0;0;0;0;0;0;0;0;0;;
631;Boob;0;0;0;0;0;0;0;0;0;0;0;0;0;0;;
632;Boob;0;0;0;0;0;0;0;0;0;0;0;0;0;0;;
633;Boob;0;0;0;0;0;0;0;0;0;0;0;0;0;0;;
634;Boob;0;0;0;0;0;0;0;0;0;0;0;0;0;0;;
635;Boob;0;0;0;0;0;0;0;0;0;0;0;0;0;0;;
636;Boob;0;0;0;0;0;0;0;0;0;0;0;0;0;0;;
637;Boob;0;0;0;0;0;0;0;0;0;0;0;0;0;0;;
638;Boob;0;0;0;0;0;0;0;0;0;0;0;0;0;0;;
639;Boob;0;0;0;0;0;0;0;0;0;0;0;0;0;0;;
640;Boob;0;0;0;0;0;0;0;0;0;0;0;0;0;0;;
641;Boob;0;0;0;0;0;0;0;0;0;0;0;0;0;0;;
642;Boob;0;0;0;0;0;0;0;0;0;0;0;0;0;0;;
643;Boob;0;0;0;0;0;0;0;0;0;0;0;0;0;0;;
644;Boob;0;0;0;0;0;0;0;0;0;0;0;0;0;0;;
645;Boob;0;0;0;0;0;0;0;0;0;0;0;0;0;0;;
646;Boob;0;0;0;0;0;0;0;0;0;0;0;0;0;0;;
647;Boob;0;0;0;0;0;0;0;0;0;0;0;0;0;0;;
648;Boob;0;0;0;0;0;0;0;0;0;0;0;0;0;0;;
649;Boob;0;0;0;0;0;0;0;0;0;0;0;0;0;0;;
650;Boob;0;0;0;0;0;0;0;0;0;0;0;0;0;0;;
651;Boob;0;0;0;0;0;0;0;0;0;0;0;0;0;0;;
652;Boob;0;0;0;0;0;0;0;0;0;0;0;0;0;0;;
653;Boob;0;0;0;0;0;0;0;0;0;0;0;0;0;0;;
654;Boob;0;0;0;0;0;0;0;0;0;0;0;0;0;0;;
655;Boob;0;0;0;0;0;0;0;0;0;0;0;0;0;0;;
656;Boob;0;0;0;0;0;0;0;0;0;0;0;0;0;0;;
657;Boob;0;0;0;0;0;0;0;0;0;0;0;0;0;0;;
658;Boob;0;0;0;0;0;0;0;0;0;0;0;0;0;0;;
659;Boob;0;0;0;0;0;0;0;0;0;0;0;0;0;0;;
660;Boob;0;0;0;0;0;0;0;0;0;0;0;0;0;0;;
661;Boob;0;0;0;0;0;0;0;0;0;0;0;0;0;0;;
662;Boob;0;0;0;0;0;0;0;0;0;0;0;0;0;0;;
663;Boob;0;0;0;0;0;0;0;0;0;0;0;0;0;0;;
664;Boob;0;0;0;0;0;0;0;0;0;0;0;0;0;0;;
665;Boob;0;0;0;0;0;0;0;0;0;0;0;0;0;0;;
666;Boob;0;0;0;0;0;0;0;0;0;0;0;0;0;0;;
667;Boob;0;0;0;0;0;0;0;0;0;0;0;0;0;0;;
668;Boob;0;0;0;0;0;0;0;0;0;0;0;0;0;0;;
669;Boob;0;0;0;0;0;0;0;0;0;0;0;0;0;0;;
670;Boob;0;0;0;0;0;0;0;0;0;0;0;0;0;0;;
671;Boob;0;0;0;0;0;0;0;0;0;0;0;0;0;0;;
672;Boob;0;0;0;0;0;0;0;0;0;0;0;0;0;0;;
673;Boob;0;0;0;0;0;0;0;0;0;0;0;0;0;0;;
674;Boob;0;0;0;0;0;0;0;0;0;0;0;0;0;0;;
675;Boob;0;0;0;0;0;0;0;0;0;0;0;0;0;0;;
676;Boob;0;0;0;0;0;0;0;0;0;0;0;0;0;0;;
677;Boob;0;0;0;0;0;0;0;0;0;0;0;0;0;0;;
678;Boob;0;0;0;0;0;0;0;0;0;0;0;0;0;0;;
679;Boob;0;0;0;0;0;0;0;0;0;0;0;0;0;0;;
680;Boob;0;0;0;0;0;0;0;0;0;0;0;0;0;0;;
681;Boob;0;0;0;0;0;0;0;0;0;0;0;0;0;0;;
682;Boob;0;0;0;0;0;0;0;0;0;0;0;0;0;0;;
683;Boob;0;0;0;0;0;0;0;0;0;0;0;0;0;0;;
684;Boob;0;0;0;0;0;0;0;0;0;0;0;0;0;0;;
685;Boob;0;0;0;0;0;0;0;0;0;0;0;0;0;0;;
686;Boob;0;0;0;0;0;0;0;0;0;0;0;0;0;0;;
687;Boob;0;0;0;0;0;0;0;0;0;0;0;0;0;0;;
688;Boob;0;0;0;0;0;0;0;0;0;0;0;0;0;0;;
689;Boob;0;0;0;0;0;0;0;0;0;0;0;0;0;0;;
690;Boob;0;0;0;0;0;0;0;0;0;0;0;0;0;0;;
691;Boob;0;0;0;0;0;0;0;0;0;0;0;0;0;0;;
692;Boob;0;0;0;0;0;0;0;0;0;0;0;0;0;0;;
693;Boob;0;0;0;0;0;0;0;0;0;0;0;0;0;0;;
694;Boob;0;0;0;0;0;0;0;0;0;0;0;0;0;0;;
695;Boob;0;0;0;0;0;0;0;0;0;0;0;0;0;0;;
696;Boob;0;0;0;0;0;0;0;0;0;0;0;0;0;0;;
697;Boob;0;0;0;0;0;0;0;0;0;0;0;0;0;0;;
698;Boob;0;0;0;0;0;0;0;0;0;0;0;0;0;0;;
699;Boob;0;0;0;0;0;0;0;0;0;0;0;0;0;0;;
700;Boob;0;0;0;0;0;0;0;0;0;0;0;0;0;0;;
701;Boob;0;0;0;0;0;0;0;0;0;0;0;0;0;0;;
702;Boob;0;0;0;0;0;0;0;0;0;0;0;0;0;0;;
703;Boob;0;0;0;0;0;0;0;0;0;0;0;0;0;0;;
704;Boob;0;0;0;0;0;0;0;0;0;0;0;0;0;0;;
705;Boob;0;0;0;0;0;0;0;0;0;0;0;0;0;0;;
706;Boob;0;0;0;0;0;0;0;0;0;0;0;0;0;0;;
707;Boob;0;0;0;0;0;0;0;0;0;0;0;0;0;0;;
708;Boob;0;0;0;0;0;0;0;0;0;0;0;0;0;0;;
709;Boob;0;0;0;0;0;0;0;0;0;0;0;0;0;0;;
710;Boob;0;0;0;0;0;0;0;0;0;0;0;0;0;0;;
711;Boob;0;0;0;0;0;0;0;0;0;0;0;0;0;0;;
712;Boob;0;0;0;0;0;0;0;0;0;0;0;0;0;0;;
713;Boob;0;0;0;0;0;0;0;0;0;0;0;0;0;0;;
714;Boob;0;0;0;0;0;0;0;0;0;0;0;0;0;0;;
715;Boob;0;0;0;0;0;0;0;0;0;0;0;0;0;0;;
716;Boob;0;0;0;0;0;0;0;0;0;0;0;0;0;0;;
717;Boob;0;0;0;0;0;0;0;0;0;0;0;0;0;0;;
718;Boob;0;0;0;0;0;0;0;0;0;0;0;0;0;0;;
719;Boob;0;0;0;0;0;0;0;0;0;0;0;0;0;0;;
720;Boob;0;0;0;0;0;0;0;0;0;0;0;0;0;0;;
721;Boob;0;0;0;0;0;0;0;0;0;0;0;0;0;0;;
722;Boob;0;0;0;0;0;0;0;0;0;0;0;0;0;0;;
723;Boob;0;0;0;0;0;0;0;0;0;0;0;0;0;0;;
724;Boob;0;0;0;0;0;0;0;0;0;0;0;0;0;0;;
725;Boob;0;0;0;0;0;0;0;0;0;0;0;0;0;0;;
726;Boob;0;0;0;0;0;0;0;0;0;0;0;0;0;0;;
727;Boob;0;0;0;0;0;0;0;0;0;0;0;0;0;0;;
728;Boob;0;0;0;0;0;0;0;0;0;0;0;0;0;0;;
729;Boob;0;0;0;0;0;0;0;0;0;0;0;0;0;0;;
730;Boob;0;0;0;0;0;0;0;0;0;0;0;0;0;0;;
731;Boob;0;0;0;0;0;0;0;0;0;0;0;0;0;0;;
732;Boob;0;0;0;0;0;0;0;0;0;0;0;0;0;0;;
733;Boob;0;0;0;0;0;0;0;0;0;0;0;0;0;0;;
734;Boob;0;0;0;0;0;0;0;0;0;0;0;0;0;0;;
735;Boob;0;0;0;0;0;0;0;0;0;0;0;0;0;0;;
736;Boob;0;0;0;0;0;0;0;0;0;0;0;0;0;0;;
737;Boob;0;0;0;0;0;0;0;0;0;0;0;0;0;0;;
738;Boob;0;0;0;0;0;0;0;0;0;0;0;0;0;0;;
739;Boob;0;0;0;0;0;0;0;0;0;0;0;0;0;0;;
740;Boob;0;0;0;0;0;0;0;0;0;0;0;0;0;0;;
741;Boob;0;0;0;0;0;0;0;0;0;0;0;0;0;0;;
742;Boob;0;0;0;0;0;0;0;0;0;0;0;0;0;0;;
743;Boob;0;0;0;0;0;0;0;0;0;0;0;0;0;0;;
744;Boob;0;0;0;0;0;0;0;0;0;0;0;0;0;0;;
745;Boob;0;0;0;0;0;0;0;0;0;0;0;0;0;0;;
746;Boob;0;0;0;0;0;0;0;0;0;0;0;0;0;0;;
747;Boob;0;0;0;0;0;0;0;0;0;0;0;0;0;0;;
748;Boob;0;0;0;0;0;0;0;0;0;0;0;0;0;0;;
749;Boob;0;0;0;0;0;0;0;0;0;0;0;0;0;0;;
750;Boob;0;0;0;0;0;0;0;0;0;0;0;0;0;0;;
751;Boob;0;0;0;0;0;0;0;0;0;0;0;0;0;0;;
752;Boob;0;0;0;0;0;0;0;0;0;0;0;0;0;0;;
753;Boob;0;0;0;0;0;0;0;0;0;0;0;0;0;0;;
754;Boob;0;0;0;0;0;0;0;0;0;0;0;0;0;0;;
755;Boob;0;0;0;0;0;0;0;0;0;0;0;0;0;0;;
756;Boob;0;0;0;0;0;0;0;0;0;0;0;0;0;0;;
757;Boob;0;0;0;0;0;0;0;0;0;0;0;0;0;0;;
758;Boob;0;0;0;0;0;0;0;0;0;0;0;0;0;0;;
759;Boob;0;0;0;0;0;0;0;0;0;0;0;0;0;0;;
760;Boob;0;0;0;0;0;0;0;0;0;0;0;0;0;0;;
761;Boob;0;0;0;0;0;0;0;0;0;0;0;0;0;0;;
762;Boob;0;0;0;0;0;0;0;0;0;0;0;0;0;0;;
763;Boob;0;0;0;0;0;0;0;0;0;0;0;0;0;0;;
764;Boob;0;0;0;0;0;0;0;0;0;0;0;0;0;0;;
765;Boob;0;0;0;0;0;0;0;0;0;0;0;0;0;0;;
766;Boob;0;0;0;0;0;0;0;0;0;0;0;0;0;0;;
767;Boob;0;0;0;0;0;0;0;0;0;0;0;0;0;0;;
768;Boob;0;0;0;0;0;0;0;0;0;0;0;0;0;0;;
769;Boob;0;0;0;0;0;0;0;0;0;0;0;0;0;0;;
770;Boob;0;0;0;0;0;0;0;0;0;0;0;0;0;0;;
771;Boob;0;0;0;0;0;0;0;0;0;0;0;0;0;0;;
772;Boob;0;0;0;0;0;0;0;0;0;0;0;0;0;0;;
773;Boob;0;0;0;0;0;0;0;0;0;0;0;0;0;0;;
774;Boob;0;0;0;0;0;0;0;0;0;0;0;0;0;0;;
775;Boob;0;0;0;0;0;0;0;0;0;0;0;0;0;0;;
776;Boob;0;0;0;0;0;0;0;0;0;0;0;0;0;0;;
777;Boob;0;0;0;0;0;0;0;0;0;0;0;0;0;0;;
778;Boob;0;0;0;0;0;0;0;0;0;0;0;0;0;0;;
779;Boob;0;0;0;0;0;0;0;0;0;0;0;0;0;0;;
780;Boob;0;0;0;0;0;0;0;0;0;0;0;0;0;0;;
781;Boob;0;0;0;0;0;0;0;0;0;0;0;0;0;0;;
782;Boob;0;0;0;0;0;0;0;0;0;0;0;0;0;0;;
783;Boob;0;0;0;0;0;0;0;0;0;0;0;0;0;0;;
784;Boob;0;0;0;0;0;0;0;0;0;0;0;0;0;0;;
785;Boob;0;0;0;0;0;0;0;0;0;0;0;0;0;0;;
786;Boob;0;0;0;0;0;0;0;0;0;0;0;0;0;0;;
787;Boob;0;0;0;0;0;0;0;0;0;0;0;0;0;0;;
788;Boob;0;0;0;0;0;0;0;0;0;0;0;0;0;0;;
789;Boob;0;0;0;0;0;0;0;0;0;0;0;0;0;0;;
790;Boob;0;0;0;0;0;0;0;0;0;0;0;0;0;0;;
791;Boob;0;0;0;0;0;0;0;0;0;0;0;0;0;0;;
792;Boob;0;0;0;0;0;0;0;0;0;0;0;0;0;0;;
793;Boob;0;0;0;0;0;0;0;0;0;0;0;0;0;0;;
794;Boob;0;0;0;0;0;0;0;0;0;0;0;0;0;0;;
795;Boob;0;0;0;0;0;0;0;0;0;0;0;0;0;0;;
796;Boob;0;0;0;0;0;0;0;0;0;0;0;0;0;0;;
797;Boob;0;0;0;0;0;0;0;0;0;0;0;0;0;0;;
798;Boob;0;0;0;0;0;0;0;0;0;0;0;0;0;0;;
799;Boob;0;0;0;0;0;0;0;0;0;0;0;0;0;0;;
800;Boob;0;0;0;0;0;0;0;0;0;0;0;0;0;0;;
801;Boob;0;0;0;0;0;0;0;0;0;0;0;0;0;0;;
802;Boob;0;0;0;0;0;0;0;0;0;0;0;0;0;0;;
803;Boob;0;0;0;0;0;0;0;0;0;0;0;0;0;0;;
804;Boob;0;0;0;0;0;0;0;0;0;0;0;0;0;0;;
805;Boob;0;0;0;0;0;0;0;0;0;0;0;0;0;0;;
806;Boob;0;0;0;0;0;0;0;0;0;0;0;0;0;0;;
807;Boob;0;0;0;0;0;0;0;0;0;0;0;0;0;0;;
808;Boob;0;0;0;0;0;0;0;0;0;0;0;0;0;0;;
809;Boob;0;0;0;0;0;0;0;0;0;0;0;0;0;0;;
810;Boob;0;0;0;0;0;0;0;0;0;0;0;0;0;0;;
811;Boob;0;0;0;0;0;0;0;0;0;0;0;0;0;0;;
812;Boob;0;0;0;0;0;0;0;0;0;0;0;0;0;0;;
813;Boob;0;0;0;0;0;0;0;0;0;0;0;0;0;0;;
814;Boob;0;0;0;0;0;0;0;0;0;0;0;0;0;0;;
815;Boob;0;0;0;0;0;0;0;0;0;0;0;0;0;0;;
816;Boob;0;0;0;0;0;0;0;0;0;0;0;0;0;0;;
817;Boob;0;0;0;0;0;0;0;0;0;0;0;0;0;0;;
818;Boob;0;0;0;0;0;0;0;0;0;0;0;0;0;0;;
819;Boob;0;0;0;0;0;0;0;0;0;0;0;0;0;0;;
820;Boob;0;0;0;0;0;0;0;0;0;0;0;0;0;0;;
821;Boob;0;0;0;0;0;0;0;0;0;0;0;0;0;0;;
822;Boob;0;0;0;0;0;0;0;0;0;0;0;0;0;0;;
823;Boob;0;0;0;0;0;0;0;0;0;0;0;0;0;0;;
824;Boob;0;0;0;0;0;0;0;0;0;0;0;0;0;0;;
825;Boob;0;0;0;0;0;0;0;0;0;0;0;0;0;0;;
826;Boob;0;0;0;0;0;0;0;0;0;0;0;0;0;0;;
827;Boob;0;0;0;0;0;0;0;0;0;0;0;0;0;0;;
828;Boob;0;0;0;0;0;0;0;0;0;0;0;0;0;0;;
829;Boob;0;0;0;0;0;0;0;0;0;0;0;0;0;0;;
830;Boob;0;0;0;0;0;0;0;0;0;0;0;0;0;0;;
831;Boob;0;0;0;0;0;0;0;0;0;0;0;0;0;0;;
832;Boob;0;0;0;0;0;0;0;0;0;0;0;0;0;0;;
833;Boob;0;0;0;0;0;0;0;0;0;0;0;0;0;0;;
834;Boob;0;0;0;0;0;0;0;0;0;0;0;0;0;0;;
835;Boob;0;0;0;0;0;0;0;0;0;0;0;0;0;0;;
836;Boob;0;0;0;0;0;0;0;0;0;0;0;0;0;0;;
837;Boob;0;0;0;0;0;0;0;0;0;0;0;0;0;0;;
838;Boob;0;0;0;0;0;0;0;0;0;0;0;0;0;0;;
839;Boob;0;0;0;0;0;0;0;0;0;0;0;0;0;0;;
840;Boob;0;0;0;0;0;0;0;0;0;0;0;0;0;0;;
841;Boob;0;0;0;0;0;0;0;0;0;0;0;0;0;0;;
842;Boob;0;0;0;0;0;0;0;0;0;0;0;0;0;0;;
843;Boob;0;0;0;0;0;0;0;0;0;0;0;0;0;0;;
844;Boob;0;0;0;0;0;0;0;0;0;0;0;0;0;0;;
845;Boob;0;0;0;0;0;0;0;0;0;0;0;0;0;0;;
846;Boob;0;0;0;0;0;0;0;0;0;0;0;0;0;0;;
847;Boob;0;0;0;0;0;0;0;0;0;0;0;0;0;0;;
848;Boob;0;0;0;0;0;0;0;0;0;0;0;0;0;0;;
849;Boob;0;0;0;0;0;0;0;0;0;0;0;0;0;0;;
850;Boob;0;0;0;0;0;0;0;0;0;0;0;0;0;0;;
851;Boob;0;0;0;0;0;0;0;0;0;0;0;0;0;0;;
852;Boob;0;0;0;0;0;0;0;0;0;0;0;0;0;0;;
853;Boob;0;0;0;0;0;0;0;0;0;0;0;0;0;0;;
854;Boob;0;0;0;0;0;0;0;0;0;0;0;0;0;0;;
855;Boob;0;0;0;0;0;0;0;0;0;0;0;0;0;0;;
856;Boob;0;0;0;0;0;0;0;0;0;0;0;0;0;0;;
857;Boob;0;0;0;0;0;0;0;0;0;0;0;0;0;0;;
858;Boob;0;0;0;0;0;0;0;0;0;0;0;0;0;0;;
859;Boob;0;0;0;0;0;0;0;0;0;0;0;0;0;0;;
860;Boob;0;0;0;0;0;0;0;0;0;0;0;0;0;0;;
861;Boob;0;0;0;0;0;0;0;0;0;0;0;0;0;0;;
862;Boob;0;0;0;0;0;0;0;0;0;0;0;0;0;0;;
863;Boob;0;0;0;0;0;0;0;0;0;0;0;0;0;0;;
864;Boob;0;0;0;0;0;0;0;0;0;0;0;0;0;0;;
865;Boob;0;0;0;0;0;0;0;0;0;0;0;0;0;0;;
866;Boob;0;0;0;0;0;0;0;0;0;0;0;0;0;0;;
867;Boob;0;0;0;0;0;0;0;0;0;0;0;0;0;0;;
868;Boob;0;0;0;0;0;0;0;0;0;0;0;0;0;0;;
869;Boob;0;0;0;0;0;0;0;0;0;0;0;0;0;0;;
870;Boob;0;0;0;0;0;0;0;0;0;0;0;0;0;0;;
871;Boob;0;0;0;0;0;0;0;0;0;0;0;0;0;0;;
872;Boob;0;0;0;0;0;0;0;0;0;0;0;0;0;0;;
873;Boob;0;0;0;0;0;0;0;0;0;0;0;0;0;0;;
874;Boob;0;0;0;0;0;0;0;0;0;0;0;0;0;0;;
875;Boob;0;0;0;0;0;0;0;0;0;0;0;0;0;0;;
876;Boob;0;0;0;0;0;0;0;0;0;0;0;0;0;0;;
877;Boob;0;0;0;0;0;0;0;0;0;0;0;0;0;0;;
878;Boob;0;0;0;0;0;0;0;0;0;0;0;0;0;0;;
879;Boob;0;0;0;0;0;0;0;0;0;0;0;0;0;0;;
880;Boob;0;0;0;0;0;0;0;0;0;0;0;0;0;0;;
881;Boob;0;0;0;0;0;0;0;0;0;0;0;0;0;0;;
882;Boob;0;0;0;0;0;0;0;0;0;0;0;0;0;0;;
883;Boob;0;0;0;0;0;0;0;0;0;0;0;0;0;0;;
884;Boob;0;0;0;0;0;0;0;0;0;0;0;0;0;0;;
885;Boob;0;0;0;0;0;0;0;0;0;0;0;0;0;0;;
886;Boob;0;0;0;0;0;0;0;0;0;0;0;0;0;0;;
887;Boob;0;0;0;0;0;0;0;0;0;0;0;0;0;0;;
888;Boob;0;0;0;0;0;0;0;0;0;0;0;0;0;0;;
889;Boob;0;0;0;0;0;0;0;0;0;0;0;0;0;0;;
890;Boob;0;0;0;0;0;0;0;0;0;0;0;0;0;0;;
891;Boob;0;0;0;0;0;0;0;0;0;0;0;0;0;0;;
892;Boob;0;0;0;0;0;0;0;0;0;0;0;0;0;0;;
893;Boob;0;0;0;0;0;0;0;0;0;0;0;0;0;0;;
894;Boob;0;0;0;0;0;0;0;0;0;0;0;0;0;0;;
895;Boob;0;0;0;0;0;0;0;0;0;0;0;0;0;0;;
896;Boob;0;0;0;0;0;0;0;0;0;0;0;0;0;0;;
897;Boob;0;0;0;0;0;0;0;0;0;0;0;0;0;0;;
898;Boob;0;0;0;0;0;0;0;0;0;0;0;0;0;0;;
899;Boob;0;0;0;0;0;0;0;0;0;0;0;0;0;0;;
900;Boob;0;0;0;0;0;0;0;0;0;0;0;0;0;0;;
901;Boob;0;0;0;0;0;0;0;0;0;0;0;0;0;0;;
902;Boob;0;0;0;0;0;0;0;0;0;0;0;0;0;0;;
903;Boob;0;0;0;0;0;0;0;0;0;0;0;0;0;0;;
904;Boob;0;0;0;0;0;0;0;0;0;0;0;0;0;0;;
905;Boob;0;0;0;0;0;0;0;0;0;0;0;0;0;0;;
906;Boob;0;0;0;0;0;0;0;0;0;0;0;0;0;0;;
907;Boob;0;0;0;0;0;0;0;0;0;0;0;0;0;0;;
908;Boob;0;0;0;0;0;0;0;0;0;0;0;0;0;0;;
909;Boob;0;0;0;0;0;0;0;0;0;0;0;0;0;0;;
910;Boob;0;0;0;0;0;0;0;0;0;0;0;0;0;0;;
911;Boob;0;0;0;0;0;0;0;0;0;0;0;0;0;0;;
912;Boob;0;0;0;0;0;0;0;0;0;0;0;0;0;0;;
913;Boob;0;0;0;0;0;0;0;0;0;0;0;0;0;0;;
914;Boob;0;0;0;0;0;0;0;0;0;0;0;0;0;0;;
915;Boob;0;0;0;0;0;0;0;0;0;0;0;0;0;0;;
916;Boob;0;0;0;0;0;0;0;0;0;0;0;0;0;0;;
917;Boob;0;0;0;0;0;0;0;0;0;0;0;0;0;0;;
918;Boob;0;0;0;0;0;0;0;0;0;0;0;0;0;0;;
919;Boob;0;0;0;0;0;0;0;0;0;0;0;0;0;0;;
920;Boob;0;0;0;0;0;0;0;0;0;0;0;0;0;0;;
921;Boob;0;0;0;0;0;0;0;0;0;0;0;0;0;0;;
922;Boob;0;0;0;0;0;0;0;0;0;0;0;0;0;0;;
923;Boob;0;0;0;0;0;0;0;0;0;0;0;0;0;0;;
924;Boob;0;0;0;0;0;0;0;0;0;0;0;0;0;0;;
925;Boob;0;0;0;0;0;0;0;0;0;0;0;0;0;0;;
926;Boob;0;0;0;0;0;0;0;0;0;0;0;0;0;0;;
927;Boob;0;0;0;0;0;0;0;0;0;0;0;0;0;0;;
928;Boob;0;0;0;0;0;0;0;0;0;0;0;0;0;0;;
929;Boob;0;0;0;0;0;0;0;0;0;0;0;0;0;0;;
930;Boob;0;0;0;0;0;0;0;0;0;0;0;0;0;0;;
931;Boob;0;0;0;0;0;0;0;0;0;0;0;0;0;0;;
932;Boob;0;0;0;0;0;0;0;0;0;0;0;0;0;0;;
933;Boob;0;0;0;0;0;0;0;0;0;0;0;0;0;0;;
934;Boob;0;0;0;0;0;0;0;0;0;0;0;0;0;0;;
935;Boob;0;0;0;0;0;0;0;0;0;0;0;0;0;0;;
936;Boob;0;0;0;0;0;0;0;0;0;0;0;0;0;0;;
937;Boob;0;0;0;0;0;0;0;0;0;0;0;0;0;0;;
938;Boob;0;0;0;0;0;0;0;0;0;0;0;0;0;0;;
939;Boob;0;0;0;0;0;0;0;0;0;0;0;0;0;0;;
940;Boob;0;0;0;0;0;0;0;0;0;0;0;0;0;0;;
941;Boob;0;0;0;0;0;0;0;0;0;0;0;0;0;0;;
942;Boob;0;0;0;0;0;0;0;0;0;0;0;0;0;0;;
943;Boob;0;0;0;0;0;0;0;0;0;0;0;0;0;0;;
944;Boob;0;0;0;0;0;0;0;0;0;0;0;0;0;0;;
945;Boob;0;0;0;0;0;0;0;0;0;0;0;0;0;0;;
946;Boob;0;0;0;0;0;0;0;0;0;0;0;0;0;0;;
947;Boob;0;0;0;0;0;0;0;0;0;0;0;0;0;0;;
948;Boob;0;0;0;0;0;0;0;0;0;0;0;0;0;0;;
949;Boob;0;0;0;0;0;0;0;0;0;0;0;0;0;0;;
950;Boob;0;0;0;0;0;0;0;0;0;0;0;0;0;0;;
951;Boob;0;0;0;0;0;0;0;0;0;0;0;0;0;0;;
952;Boob;0;0;0;0;0;0;0;0;0;0;0;0;0;0;;
953;Boob;0;0;0;0;0;0;0;0;0;0;0;0;0;0;;
954;Boob;0;0;0;0;0;0;0;0;0;0;0;0;0;0;;
955;Boob;0;0;0;0;0;0;0;0;0;0;0;0;0;0;;
956;Boob;0;0;0;0;0;0;0;0;0;0;0;0;0;0;;
957;Boob;0;0;0;0;0;0;0;0;0;0;0;0;0;0;;
958;Boob;0;0;0;0;0;0;0;0;0;0;0;0;0;0;;
959;Boob;0;0;0;0;0;0;0;0;0;0;0;0;0;0;;
960;Boob;0;0;0;0;0;0;0;0;0;0;0;0;0;0;;
961;Boob;0;0;0;0;0;0;0;0;0;0;0;0;0;0;;
962;Boob;0;0;0;0;0;0;0;0;0;0;0;0;0;0;;
963;Boob;0;0;0;0;0;0;0;0;0;0;0;0;0;0;;
964;Boob;0;0;0;0;0;0;0;0;0;0;0;0;0;0;;
965;Boob;0;0;0;0;0;0;0;0;0;0;0;0;0;0;;
966;Boob;0;0;0;0;0;0;0;0;0;0;0;0;0;0;;
967;Boob;0;0;0;0;0;0;0;0;0;0;0;0;0;0;;
968;Boob;0;0;0;0;0;0;0;0;0;0;0;0;0;0;;
969;Boob;0;0;0;0;0;0;0;0;0;0;0;0;0;0;;
970;Boob;0;0;0;0;0;0;0;0;0;0;0;0;0;0;;
971;Boob;0;0;0;0;0;0;0;0;0;0;0;0;0;0;;
972;Boob;0;0;0;0;0;0;0;0;0;0;0;0;0;0;;
973;Boob;0;0;0;0;0;0;0;0;0;0;0;0;0;0;;
974;Boob;0;0;0;0;0;0;0;0;0;0;0;0;0;0;;
975;Boob;0;0;0;0;0;0;0;0;0;0;0;0;0;0;;
976;Boob;0;0;0;0;0;0;0;0;0;0;0;0;0;0;;
977;Boob;0;0;0;0;0;0;0;0;0;0;0;0;0;0;;
978;Boob;0;0;0;0;0;0;0;0;0;0;0;0;0;0;;
979;Boob;0;0;0;0;0;0;0;0;0;0;0;0;0;0;;
980;Boob;0;0;0;0;0;0;0;0;0;0;0;0;0;0;;
981;Boob;0;0;0;0;0;0;0;0;0;0;0;0;0;0;;
982;Boob;0;0;0;0;0;0;0;0;0;0;0;0;0;0;;
983;Boob;0;0;0;0;0;0;0;0;0;0;0;0;0;0;;
984;Boob;0;0;0;0;0;0;0;0;0;0;0;0;0;0;;
985;Boob;0;0;0;0;0;0;0;0;0;0;0;0;0;0;;
986;Boob;0;0;0;0;0;0;0;0;0;0;0;0;0;0;;
987;Boob;0;0;0;0;0;0;0;0;0;0;0;0;0;0;;
988;Boob;0;0;0;0;0;0;0;0;0;0;0;0;0;0;;
989;Boob;0;0;0;0;0;0;0;0;0;0;0;0;0;0;;
990;Boob;0;0;0;0;0;0;0;0;0;0;0;0;0;0;;
991;Boob;0;0;0;0;0;0;0;0;0;0;0;0;0;0;;
992;Boob;0;0;0;0;0;0;0;0;0;0;0;0;0;0;;
993;Boob;0;0;0;0;0;0;0;0;0;0;0;0;0;0;;
994;Boob;0;0;0;0;0;0;0;0;0;0;0;0;0;0;;
995;Boob;0;0;0;0;0;0;0;0;0;0;0;0;0;0;;
996;Boob;0;0;0;0;0;0;0;0;0;0;0;0;0;0;;
997;Boob;0;0;0;0;0;0;0;0;0;0;0;0;0;0;;
998;Boob;0;0;0;0;0;0;0;0;0;0;0;0;0;0;;
999;Boob;0;0;0;0;0;0;0;0;0;0;0;0;0;0;;
1000;Boob;0;0;0;0;0;0;0;0;0;0;0;0;0;0;;
